{
  "model_type": "GradientBoosting",
  "training_date": "2026-02-13T05:47:55.722421",
  "test_r2_score": 0.7265193790707778,
  "test_rmse": 189.32512719305586,
  "test_mae": 150.72111062171214,
  "n_features": 16,
  "training_samples": 33288,
  "test_samples": 8322
}